,Unnamed: 0,gutenberg_id,title
0,0,284,The House of Mirth
1,1,64317,The Great Gatsby
2,2,289,The Wind in the Willows
3,3,140,The Jungle
4,4,17396,The Secret Garden
5,5,146,A Little Princess: Being the whole story of Sara Crewe now told for the first time
6,6,910,White Fang
7,7,175,The Phantom of the Opera
8,8,60,The Scarlet Pimpernel
9,9,4300,Ulysses
10,10,2226,Kim
11,11,26298,The Metamorphosis
12,12,233,Sister Carrie: A Novel
13,13,5658,Lord Jim
14,14,219,Heart of Darkness
15,15,4517,Ethan Frome
16,16,432,The Ambassadors
17,17,67138,The Sun Also Rises
18,18,974,The Secret Agent: A Simple Tale
19,19,7256,The Gift of the Magi
20,20,4217,A Portrait of the Artist as a Young Man
21,21,541,The Age of Innocence
22,22,7849,The Trial
23,23,2500,Siddhartha
24,24,14838,The Tale of Peter Rabbit
25,25,5247,The Old Wives' Tale
26,26,498,Rebecca of Sunnybrook Farm
27,27,2084,The Way of All Flesh
28,28,1874,The Railway Children
29,29,1056,Martin Eden
30,30,2781,Just So Stories
31,31,2814,Dubliners
32,32,351,Of Human Bondage
33,33,2775,The Good Soldier
34,34,805,This Side of Paradise
35,35,4397,The Forsyte Saga - Complete
36,36,2021,Nostromo: A Tale of the Seaboard
37,37,14257,The Magician
38,38,1164,The Iron Heel
39,39,4264,The Golden Bowl â€” Complete
40,40,10002,The House on the Borderland
41,41,543,Main Street
42,42,37189,The Return of the Soldier
43,43,66073,Death in Venice
44,44,11620,My Brilliant Career
45,45,2360,The Riddle of the Sands
46,46,9830,The Beautiful and Damned
47,47,1298,The Virginian: A Horseman of the Plains
48,48,1156,Babbitt
49,49,1250,Anthem
50,50,166,Summer
51,51,15408,"Three Lives: Stories of The Good Anna, Melanctha and The Gentle Lena"
52,52,16389,The Enchanted April
53,53,1210,Kwaidan: Stories and Studies of Strange Things
54,54,11052,The Custom of the Country
55,55,144,The Voyage Out
56,56,520,The Life and Adventures of Santa Claus
57,57,5670,Jacob's Room
58,58,1245,Night and Day
59,59,26298,The Metamorphosis
60,60,2814,Dubliners
61,61,17396,The Secret Garden
62,62,4217,A Portrait of the Artist as a Young Man
63,63,4517,Ethan Frome
64,64,416,"Winesburg, Ohio: A Group of Tales of Ohio Small Town Life"
65,65,66073,Death in Venice
66,66,2775,The Good Soldier
67,67,351,Of Human Bondage
68,68,144,The Voyage Out
69,69,166,Summer
70,70,37189,The Return of the Soldier
71,71,11052,The Custom of the Country
72,72,175,The Phantom of the Opera
73,73,1845,"Zuleika Dobson; Or, An Oxford Love Story"
74,74,1245,Night and Day
75,75,7849,The Trial
76,76,32,Herland
77,77,8867,The Magnificent Ambersons
78,78,222,The Moon and Sixpence
79,79,6100,Pollyanna Grows Up
80,80,10984,Growth of the Soil
81,81,5311,Parnassus on Wheels
82,82,2480,Under Western Eyes
83,83,4397,The Forsyte Saga - Complete
84,84,283,The Reef
85,85,805,This Side of Paradise
86,86,2014,The Lodger
87,87,3608,The Ragged Trousered Philanthropists
88,88,6378,Victory: An Island Tale
89,89,543,Main Street
90,90,94,Alexander's Bridge
91,91,4380,Under Fire: The Story of a Squad
92,92,14797,The Tale of Timmy Tiptoes
93,93,7477,The Book of Wonder
94,94,243,"The Forged Coupon, and Other Stories"
95,95,21970,The Scarlet Plague
96,96,1605,The Crock of Gold
97,97,14396,His Family
98,98,17089,The Tale of Mrs. Tittlemouse
99,99,10662,The Night Land
100,100,8129,A Dreamer's Tales
101,101,66864,Moving the Mountain
102,102,7838,Fifty-One Tales
103,103,541,The Age of Innocence
104,104,29932,The Harbor
105,105,18190,Raggedy Ann Stories
106,106,284,The House of Mirth
107,107,7166,The Home and the World
108,108,5347,Understood Betsy
109,109,7031,The Sheik: A Novel
110,110,140,The Jungle
111,111,555,The Unbearable Bassington
112,112,64317,The Great Gatsby
113,113,67138,The Sun Also Rises
114,114,7849,The Trial
115,115,541,The Age of Innocence
116,116,2500,Siddhartha
117,117,805,This Side of Paradise
118,118,4300,Ulysses
119,119,9830,The Beautiful and Damned
120,120,64682,The Painted Veil
121,121,16389,The Enchanted April
122,122,66829,"""Gentlemen Prefer Blondes"": The Illuminating Diary of a Professional Lady"
123,123,1156,Babbitt
124,124,11757,The Velveteen Rabbit
125,125,543,Main Street
126,126,69768,The bridge of San Luis Rey
127,127,69730,Death comes for the archbishop
128,128,60093,Cane
129,129,1263,The Glimpses of the Moon
130,130,5670,Jacob's Room
131,131,61085,In our time
132,132,59112,R.U.R. (Rossum's Universal Robots): A Fantastic Melodrama in Three Acts and an Epilogue
133,133,4397,The Forsyte Saga - Complete
134,134,61686,So Big
135,135,6695,Tales of the Jazz Age
136,136,1329,A Voyage to Arcturus
137,137,65465,The Professor's House
138,138,65636,A Lost Lady
139,139,1999,Crome Yellow
140,140,4368,Flappers and Philosophers
141,141,68061,Lud-in-the-Mist
142,142,69683,Men without women
143,143,63849,Bambi
144,144,61077,The King of Elfland's Daughter
145,145,29220,Monday or Tuesday
146,146,60483,Antic Hay
147,147,980,Alice Adams
148,148,1250,Anthem
149,149,68811,"Black no more: Being an account of the strange and wonderful workings of science in the land of the free, A.D. 1933-1940"
